言いくるめ,,,1,名詞,一般,*,*,*,*,言いくるめ,イイクルメ,イイクルメ,技能ユーザー辞書
聞き耳,,,1,名詞,一般,*,*,*,*,聞き耳,キキミミ,キキミミ,技能ユーザー辞書
心理学,,,1,名詞,一般,*,*,*,*,心理学,シンリガク,シンリガク,技能ユーザー辞書
医学,,,1,名詞,一般,*,*,*,*,医学,イガク,イガク,技能ユーザー辞書
クトゥルフ神話,,,1,名詞,一般,*,*,*,*,クトゥルフ神話,クトゥルフシンワ,クトゥルフシンワ,技能ユーザー辞書
人類学,,,1,名詞,一般,*,*,*,*,人類学,ジンルイガク,ジンルイガク,技能ユーザー辞書
運転,,,1,名詞,一般,*,*,*,*,運転,ウンテン,ウンテン,技能ユーザー辞書
芸術,,,1,名詞,一般,*,*,*,*,芸術,ゲイジュツ,ゲイジュツ,技能ユーザー辞書
水泳,,,1,名詞,一般,*,*,*,*,水泳,スイエイ,スイエイ,技能ユーザー辞書
応急手当,,,1,名詞,一般,*,*,*,*,応急手当,オウキュウテアテ,オウキュウテアテ,技能ユーザー辞書
経理,,,1,名詞,一般,*,*,*,*,経理,ケイリ,ケイリ,技能ユーザー辞書
制作,,,1,名詞,一般,*,*,*,*,制作,サクセイ,サクセイ,技能ユーザー辞書
オカルト,,,1,名詞,一般,*,*,*,*,オカルト,オカルト,オカルト,技能ユーザー辞書
考古学,,,1,名詞,一般,*,*,*,*,考古学,コウコガク,コウコガク,技能ユーザー辞書
生物学,,,1,名詞,一般,*,*,*,*,生物学,セイブツガク,セイブツガク,技能ユーザー辞書
回避,,,1,名詞,一般,*,*,*,*,回避,カイヒ,カイヒ,技能ユーザー辞書
コンピューター,,,1,名詞,一般,*,*,*,*,コンピューター,コンピューター,コンピューター,技能ユーザー辞書
説得,,,1,名詞,一般,*,*,*,*,説得,セットク,セットク,技能ユーザー辞書
化学,,,1,名詞,一般,*,*,*,*,科学,カガク,カガク,技能ユーザー辞書
忍び歩き,,,1,名詞,一般,*,*,*,*,忍び歩き,シノビアルキ,シノビアルキ,技能ユーザー辞書
操縦,,,1,名詞,一般,*,*,*,*,操縦,ソウジュウ,ソウジュウ,技能ユーザー辞書
鍵開け,,,1,名詞,一般,*,*,*,*,鍵開け,カギアケ,カギアケ,技能ユーザー辞書
写真術,,,1,名詞,一般,*,*,*,*,写真術,シャシンジュツ,シャシンジュツ,技能ユーザー辞書
地質学,,,1,名詞,一般,*,*,*,*,地質学,チシツガク,チシツガク,技能ユーザー辞書
隠す,,,1,名詞,一般,*,*,*,*,隠す,カクス,カクス,技能ユーザー辞書
重機械操作,,,1,名詞,一般,*,*,*,*,重機械操作,ジュウキカイソウサ,ジュウキカイソウサ,技能ユーザー辞書
跳躍,,,1,名詞,一般,*,*,*,*,跳躍,チョウヤク,チョウヤク,技能ユーザー辞書
隠れる,,,1,名詞,一般,*,*,*,*,隠れる,カクレル,カクレル,技能ユーザー辞書
乗馬,,,1,名詞,一般,*,*,*,*,乗馬,ジョウバ,ジョウバ,技能ユーザー辞書
追跡,,,1,名詞,一般,*,*,*,*,追跡,ツイセキ,ツイセキ,技能ユーザー辞書
機械修理,,,1,名詞,一般,*,*,*,*,機械修理,キカイシュウリ,キカイシュウリ,技能ユーザー辞書
信用,,,1,名詞,一般,*,*,*,*,信用,シンヨウ,シンヨウ,技能ユーザー辞書
電気修理,,,1,名詞,一般,*,*,*,*,電気修理,デンキシュウリ,デンキシュウリ,技能ユーザー辞書
電子工事,,,1,名詞,一般,*,*,*,*,電子工事,デンシコウジ,デンシコウジ,技能ユーザー辞書
天文学,,,1,名詞,一般,*,*,*,*,天文学,テンモンガク,テンモンガク,技能ユーザー辞書
投擲,,,1,名詞,一般,*,*,*,*,投擲,トウテキ,トウテキ,技能ユーザー辞書
登攀,,,1,名詞,一般,*,*,*,*,登攀,トウハン,トウハン,技能ユーザー辞書
図書館,,,1,名詞,一般,*,*,*,*,図書館,トショカン,トショカン,技能ユーザー辞書
ナビゲート,,,1,名詞,一般,*,*,*,*,ナビゲート,ナビゲート,ナビゲート,技能ユーザー辞書
値切り,,,1,名詞,一般,*,*,*,*,値切り,ネギリ,ネギリ,技能ユーザー辞書
博物学,,,1,名詞,一般,*,*,*,*,博物学,ハクブツガク,ハクブツガク,技能ユーザー辞書
物理学,,,1,名詞,一般,*,*,*,*,物理学,ブツリガク,ブツリガク,技能ユーザー辞書
変装,,,1,名詞,一般,*,*,*,*,変装,ヘンソウ,ヘンソウ,技能ユーザー辞書
法律,,,1,名詞,一般,*,*,*,*,法律,ホウリツ,ホウリツ,技能ユーザー辞書
他言語,,,1,名詞,一般,*,*,*,*,他言語,タゲンゴ,タゲンゴ,技能ユーザー辞書
母国語,,,1,名詞,一般,*,*,*,*,母国語,ボコクゴ,ボコクゴ,技能ユーザー辞書
目星,,,1,名詞,一般,*,*,*,*,目星,メボシ,メボシ,技能ユーザー辞書
薬学,,,1,名詞,一般,*,*,*,*,薬学,ヤクガク,ヤクガク,技能ユーザー辞書
精神分析,,,1,名詞,一般,*,*,*,*,精神分析,セイシンブンセキ,セイシンブンセキ,技能ユーザー辞書
歴史,,,1,名詞,一般,*,*,*,*,歴史,レキシ,レキシ,技能ユーザー辞書
